<?xml version="1.0" encoding="utf-8"?>
<extension type="component" version="2.5.0" method="upgrade">
 
	<name>iPub</name>
	<!-- The following elements are optional and free of formatting constraints -->
	<creationDate>May 2012</creationDate>
	<author>Andreas Knees</author>
	<authorEmail>info@nikem.de</authorEmail>
	<authorUrl>http://www.nikem.de</authorUrl>
	<copyright>Copyright Info</copyright>
	<license>License Info</license>
	<!--  The version string is recorded in the components table -->
	<version>0.0.1</version>
	<!-- The description is optional and defaults to the name -->
	<description>Description of the iPub component ...</description>
 
 	<!-- Runs on update; New in 2.5 -->
	<update>
		<install> <!-- Runs on install -->
			<sql>
				<file driver="mysql" charset="utf8">sql/install.mysql.utf8.sql</file>
			</sql>
		</install>
		<uninstall> <!-- Runs on uninstall -->
			<sql>
				<file driver="mysql" charset="utf8">sql/uninstall.mysql.utf8.sql</file>
			</sql>
		</uninstall>
		<schemas>
			<schemapath type="mysql">sql/updates/mysql</schemapath>
		</schemas>
	</update>
 
	<!-- Site Main File Copy Section -->
	<!-- Note the folder attribute: This attribute describes the folder
		to copy FROM in the package to install therefore files copied
		in this section are copied from /site/ in the package -->
	<files folder="site">
		<filename>controller.php</filename>
		<filename>index.html</filename>
		<filename>ipub.php</filename>
		<folder>views</folder>
		<folder>models</folder>
		<folder>css</folder>
		<folder>js</folder>
	</files>
 
	<administration>
		<!-- Administration Menu Section -->
		<menu>iPub</menu>
		<!-- Administration Main File Copy Section -->
		<!-- Note the folder attribute: This attribute describes the folder
			to copy FROM in the package to install therefore files copied
			in this section are copied from /admin/ in the package -->
		<files folder="admin">
			<filename>index.html</filename>
			<filename>ipub.php</filename>
			<folder>sql</folder>
		</files>
	</administration>
 
</extension>