<!--

  WARNING: This file is generated! Do not edit by hand!
  
-->

<project name="maven" default="jar" basedir=".">

  <target
    name="jar">
    
    <property name="maven.build.dir" value="target"/>
    <property name="maven.build.dest" value="${maven.build.dir}/classes"/>
    
    <mkdir dir="${maven.build.dest}"/>
    
    <javac
      destdir="${maven.build.dest}"
      excludes="**/package.html"
      debug="false"
      deprecation="false"
      optimize="false">
      <src>
         <pathelement location="src/java"/>
      </src>
    </javac>

    <jar
      jarfile="${maven.build.dir}/${maven.final.name}.jar"
      basedir="${maven.build.dest}"
      excludes="**/package.html"
    />
    
  </target>

</project>
